mean,std,ppv,aboveMean,stage
[ 0.00696819 -0.00413843 -0.00774353],[0.06361315 0.06284904 0.09345891],[0.378769 0.592243 0.775225],[160 160 187],3
