mean,std,ppv,aboveMean,stage
[ 0.00492248 -0.0077132   0.00086234],[0.07616191 0.04768139 0.06087682],[0.693586 0.370799 0.537374],[179 172 195],3
