mean,std,ppv,aboveMean,stage
[ 0.00186676 -0.00424149 -0.00630203],[0.06119276 0.0770539  0.11164641],[0.71759  0.717956 0.747839],[157 170 196],3
