mean_x,mean_y,mean_z,std_x,std_y,std_z,ppv_x,ppv_y,ppv_z,aboveMean_x,aboveMean_y,aboveMean_z,stage
0.0020732746031746027,-0.0019070301587301546,-0.0014121587301587388,0.021397155132574286,0.042809554881399293,0.039896183004124765,0.29528400000000055,0.5541209999999985,0.48467800000000016,261,385,311,6
