mean_x,mean_y,mean_z,std_x,std_y,std_z,ppv_x,ppv_y,ppv_z,aboveMean_x,aboveMean_y,aboveMean_z,stage
-0.00011624036697247775,-0.002469937614678903,0.0002656440366972477,0.033465941280500844,0.041142136254827474,0.04200251792214242,0.42172100000000023,0.3629770000000043,0.7171890000000003,287,312,276,6
