mean,std,ppv,aboveMean,stage
[ 0.00469173 -0.00956241  0.00785093],[0.03783341 0.04390096 0.04130045],[0.302062 0.589455 0.426724],[256 341 260],