mean,std,ppv,aboveMean,stage
[ 0.00674134 -0.0092861   0.00847521],[0.03418995 0.03795513 0.042922  ],[0.434356 0.547548 0.536325],[213 423 245],