mean_x,mean_y,mean_z,std_x,std_y,std_z,ppv_x,ppv_y,ppv_z,aboveMean_x,aboveMean_y,aboveMean_z,stage
0.0008761252699784017,-0.004600285097192225,-0.006397161987041056,0.03463216801106011,0.04414194904166937,0.046803878832605485,0.4739720000000007,0.46798000000000073,0.4709449999999997,234,272,284,6
