mean,std,ppv,aboveMean,stage
[ 0.00102504  0.00119445 -0.00171314],[0.0231825  0.02272622 0.03425525],[0.237718 0.181434 0.404001],[263 279 247],4
