mean,std,ppv,aboveMean,stage
[ 0.00273668 -0.00318054  0.00062106],[0.02481354 0.02973365 0.04821722],[0.22143  0.320772 0.469084],[222 256 220],4
