mean,std,ppv,aboveMean,stage
[ 0.0035888  -0.00264833  0.00379356],[0.03383945 0.04491271 0.0629462 ],[0.465193 0.742019 0.701692],[244 221 229],4
