mean,std,ppv,aboveMean,stage
[-0.00172633  0.00832756 -0.01924905],[0.03559076 0.03781484 0.0501788 ],[0.461952 0.360475 0.539251],[162 171 210],3
