mean,std,ppv,aboveMean,stage
[ 0.00399217  0.00668924 -0.00640334],[0.03134892 0.0492447  0.04075595],[0.312392 0.449053 0.403202],[144 166 183],3
