mean,std,ppv,aboveMean,stage
[-0.00209108 -0.00458196  0.00360433],[0.02962945 0.03461655 0.02234362],[0.285813 0.322296 0.261271],[205 219 217],3
