mean_x,mean_y,mean_z,std_x,std_y,std_z,ppv_x,ppv_y,ppv_z,aboveMean_x,aboveMean_y,aboveMean_z,stage
0.008767936170212766,-0.0013512907801418513,0.0004748770685579072,0.03148375457201709,0.044487876353746916,0.07280964332754085,0.2707259999999989,0.3752720000000025,0.6505480000000001,212,258,225,5
