mean_x,mean_y,mean_z,std_x,std_y,std_z,ppv_x,ppv_y,ppv_z,aboveMean_x,aboveMean_y,aboveMean_z,stage
-0.004988953125000001,0.0008700714285714284,0.0036995044642857294,0.037646599036419794,0.03801640964526141,0.08969214774505359,0.2560020000000005,0.38697199999999654,0.9293959999999999,224,220,194,5
