mean_x,mean_y,mean_z,std_x,std_y,std_z,ppv_x,ppv_y,ppv_z,aboveMean_x,aboveMean_y,aboveMean_z,stage
0.0034116060606060633,-0.002835871794871801,-0.0001056946386946623,0.04557549079539439,0.041706654875279366,0.08363614453482623,0.44221799999999867,0.42173700000000025,0.9266199999999999,207,209,233,5
