mean,std,ppv,aboveMean,stage
[-0.00360216 -0.00151249  0.00174896],[0.13214014 0.41333647 0.10287476],[1.375157 6.275778 0.962974],[146 158 156],2
