mean,std,ppv,aboveMean,stage
[0.02306504 0.00537524 0.00077062],[0.12966237 0.29642268 0.09211115],[0.945263 3.292806 0.848707],[147 169 179],2
