mean,std,ppv,aboveMean,stage
[ 0.00121681 -0.00447318  0.00479887],[0.11967346 0.27232136 0.08802265],[0.768902 4.155148 0.625356],[159 140 150],2
