mean,std,ppv,aboveMean,stage
[-0.00022717  0.00040555 -0.00084393],[0.04788964 0.03579593 0.0230447 ],[0.629725 0.602726 0.437892],[244 263 271],1
