mean,std,ppv,aboveMean,stage
[-0.00010271 -0.00057974 -0.0004409 ],[0.07537599 0.05718079 0.02539511],[0.687766 0.663478 0.249672],[146 197 162],1
