mean,std,ppv,aboveMean,stage
[-0.00173192  0.0041854  -0.00011209],[0.05228992 0.0361146  0.01856048],[0.576353 0.460224 0.181935],[181 196 193],1
