mean_x,mean_y,mean_z,std_x,std_y,std_z,ppv_x,ppv_y,ppv_z,aboveMean_x,aboveMean_y,aboveMean_z,stage
0.0023346170798898068,0.0017114793388429837,0.007124,0.04396630952552356,0.07267470356268746,0.09956743098176497,0.39361599999999974,0.9615999999999971,0.8313719999999998,182,188,158,2
