mean_x,mean_y,mean_z,std_x,std_y,std_z,ppv_x,ppv_y,ppv_z,aboveMean_x,aboveMean_y,aboveMean_z,stage
-0.0033677390243902422,-0.0018289902439024392,-0.0006330536585366011,0.04649019943661547,0.060237859572878735,0.1114055485602788,0.4911179999999997,0.6769409999999993,1.2768919999999997,225,215,262,2
