mean_x,mean_y,mean_z,std_x,std_y,std_z,ppv_x,ppv_y,ppv_z,aboveMean_x,aboveMean_y,aboveMean_z,stage
-0.0033726599999999995,-0.004249397500000001,-0.00192184250000006,0.04136033937601816,0.060383738431836954,0.07681855259387345,0.46954999999999947,0.7170379999999987,0.7700119999999999,234,206,197,2
