mean,std,ppv,aboveMean,stage
[-0.00281971  0.00359355 -0.00025429],[0.05444462 0.04216036 0.03639422],[0.495375 0.374509 0.294992],[233 274 251],1
