mean,std,ppv,aboveMean,stage
[ 0.00167095  0.00024746 -0.00058529],[0.10929161 0.07517156 0.07227122],[1.587929 0.994852 0.849457],[190 204 225],1
