mean,std,ppv,aboveMean,stage
[ 0.0040234   0.00294651 -0.00030281],[0.10187539 0.06990695 0.0585568 ],[0.988645 0.541215 0.558031],[126 201 155],1
