mean,std,ppv,aboveMean,stage
[ 3.14431929e-03 -2.56440217e-03  9.35869565e-06],[0.02600508 0.01929684 0.04351224],[0.227544 0.24844  0.486741],[329 389 354],5
