mean,std,ppv,aboveMean,stage
[-0.00499491  0.00141422  0.0017619 ],[0.03884396 0.03250699 0.06070361],[0.569417 0.556353 1.109078],[410 350 320],5
