mean,std,ppv,aboveMean,stage
[2.18588954e-03 9.10898380e-06 1.86165096e-03],[0.02924024 0.02441223 0.04437688],[0.368222 0.374939 0.390501],[331 325 307],5
