mean,std,ppv,aboveMean,stage
[-5.42514731e-04 -1.03788562e-04 -5.38544194e-05],[0.03430935 0.03298395 0.04999495],[0.547058 0.450443 0.758738],[280 276 287],4
