mean,std,ppv,aboveMean,stage
[ 0.00246853 -0.00308196 -0.00208135],[0.05158005 0.04931845 0.06514492],[0.55007  0.723001 0.980382],[221 170 253],4
