mean,std,ppv,aboveMean,stage
[ 0.00078941 -0.00303512 -0.00245707],[0.04424289 0.03613433 0.0631703 ],[0.519007 0.409884 0.733281],[217 208 240],4
