mean,std,ppv,aboveMean,stage
[ 0.00134363 -0.00161444 -0.00231225],[0.04306907 0.03315215 0.06442888],[0.489683 0.353067 0.648713],[279 260 272],5
