mean,std,ppv,aboveMean,stage
[ 0.00323686 -0.00208472 -0.00051911],[0.03387241 0.03409719 0.06260669],[0.305717 0.452198 0.79191 ],[267 285 266],5
