mean,std,ppv,aboveMean,stage
[0.00161176 0.00046468 0.00128439],[0.04713749 0.03983343 0.06843442],[0.536167 0.485552 0.788617],[242 273 240],5
