mean_x,mean_y,mean_z,std_x,std_y,std_z,ppv_x,ppv_y,ppv_z,aboveMean_x,aboveMean_y,aboveMean_z,stage
0.0013796431372549013,-0.005543831372549019,4.54901960783985e-06,0.05715983572859273,0.09594001150706352,0.1515761153074022,0.5287350000000002,1.1482369999999982,1.6805830000000002,126,149,133,3
