mean_x,mean_y,mean_z,std_x,std_y,std_z,ppv_x,ppv_y,ppv_z,aboveMean_x,aboveMean_y,aboveMean_z,stage
-0.0004486017441860481,-0.005497459302325581,0.0027934854651162763,0.05253729862463935,0.06465822773831623,0.11999820060559731,0.5657139999999998,0.8155989999999989,1.4318449999999996,207,198,156,3
