mean_x,mean_y,mean_z,std_x,std_y,std_z,ppv_x,ppv_y,ppv_z,aboveMean_x,aboveMean_y,aboveMean_z,stage
0.0017137536945812802,-0.006555270935960597,-0.0024696059113300584,0.04811284843240148,0.04848191107839377,0.10931502980962038,0.3456720000000004,0.6050879999999985,1.304854,173,236,224,3
