mean,std,ppv,aboveMean,stage
[-0.00375889  0.00341512  0.00179247],[0.06494815 0.23391717 0.08732101],[0.664139 3.376603 0.636178],[175 218 214],2
