mean,std,ppv,aboveMean,stage
[ 0.00497725 -0.00787382  0.00033368],[0.07120376 0.17667062 0.08384187],[0.660777 2.265101 0.696905],[177 230 203],2
