mean,std,ppv,aboveMean,stage
[ 0.0094702   0.00381655 -0.00101954],[0.06058155 0.16322413 0.07034732],[0.500229 2.446095 0.671682],[195 224 258],2
